Date,Ouv.
2012-02-02,6.1
2012-02-03,6.0
2012-02-04,5.9
2012-02-05,5.7
2012-02-06,5.4
2012-02-07,5.7
2012-02-08,5.6
2012-02-09,5.8
2012-02-10,5.9
2012-02-11,5.6
2012-02-12,5.5
2012-02-13,5.3
2012-02-14,4.5
2012-02-15,4.3
2012-02-16,4.3
2012-02-17,4.4
2012-02-18,4.2
2012-02-19,4.4
2012-02-20,4.4
2012-02-21,4.3
2012-02-22,4.4
2012-02-23,5.0
2012-02-24,5.0
2012-02-25,4.8
2012-02-26,4.9
2012-02-27,5.0
2012-02-28,4.9
2012-02-29,4.9
2012-03-01,4.9
2012-03-02,4.7
2012-03-03,4.6
2012-03-04,4.8
2012-03-05,5.0
2012-03-06,5.0
2012-03-07,4.9
2012-03-08,4.9
2012-03-09,4.9
2012-03-10,4.8
2012-03-11,4.9
2012-03-12,4.9
2012-03-13,5.3
2012-03-14,5.4
2012-03-15,5.3
2012-03-16,5.3
2012-03-17,5.2
2012-03-18,5.3
2012-03-19,4.7
2012-03-20,4.8
2012-03-21,4.8
2012-03-22,4.7
2012-03-23,4.7
2012-03-24,4.7
2012-03-25,4.6
2012-03-26,4.6
2012-03-27,4.8
2012-03-28,4.8
2012-03-29,4.8
2012-03-30,4.9
2012-03-31,4.9
2012-04-01,4.8
2012-04-02,5.0
2012-04-03,4.9
2012-04-04,4.9
2012-04-05,4.9
2012-04-06,4.9
2012-04-07,4.7
2012-04-08,4.8
2012-04-09,4.9
2012-04-10,4.8
2012-04-11,4.9
2012-04-12,4.9
2012-04-13,4.9
2012-04-14,5.0
2012-04-15,5.0
2012-04-16,4.9
2012-04-17,5.0
2012-04-18,5.1
2012-04-19,5.1
2012-04-20,5.3
2012-04-21,5.3
2012-04-22,5.2
2012-04-23,5.0
2012-04-24,5.1
2012-04-25,5.1
2012-04-26,5.1
2012-04-27,5.1
2012-04-28,5.0
2012-04-29,4.9
2012-04-30,4.9
2012-05-01,5.0
2012-05-02,5.1
2012-05-03,5.1
2012-05-04,5.1
2012-05-05,5.1
2012-05-06,5.1
2012-05-07,5.1
2012-05-08,5.1
2012-05-09,5.0
2012-05-10,4.8
2012-05-11,5.0
2012-05-12,4.9
2012-05-13,4.9
2012-05-14,5.0
2012-05-15,5.0
2012-05-16,5.1
2012-05-17,5.1
2012-05-18,5.1
2012-05-19,5.1
2012-05-20,5.1
2012-05-21,5.1
2012-05-22,5.1
2012-05-23,5.1
2012-05-24,5.1
2012-05-25,5.2
2012-05-26,5.1
2012-05-27,5.1
2012-05-28,5.1
2012-05-29,5.2
2012-05-30,5.1
2012-05-31,5.2
2012-06-01,5.3
2012-06-02,5.3
2012-06-03,5.2
2012-06-04,5.3
2012-06-05,5.4
2012-06-06,5.5
2012-06-07,5.6
2012-06-08,5.6
2012-06-09,5.6
2012-06-10,5.5
2012-06-11,5.6
2012-06-12,5.7
2012-06-13,5.9
2012-06-14,5.9
2012-06-15,6.5
2012-06-16,6.4
2012-06-17,6.2
2012-06-18,6.3
2012-06-19,6.5
2012-06-20,6.7
2012-06-21,6.7
2012-06-22,6.6
2012-06-23,6.4
2012-06-24,6.3
2012-06-25,6.3
2012-06-26,6.4
2012-06-27,6.7
2012-06-28,6.6
2012-06-29,6.7
2012-06-30,6.7
2012-07-01,6.6
2012-07-02,6.8
2012-07-03,6.4
2012-07-04,6.5
2012-07-05,6.7
2012-07-06,6.7
2012-07-07,6.8
2012-07-08,6.8
2012-07-09,7.0
2012-07-10,7.2
2012-07-11,7.2
2012-07-12,7.8
2012-07-13,7.7
2012-07-14,7.5
2012-07-15,7.6
2012-07-16,8.5
2012-07-17,8.8
2012-07-18,9.1
2012-07-19,8.9
2012-07-20,8.5
2012-07-21,8.9
2012-07-22,8.4
2012-07-23,8.4
2012-07-24,8.6
2012-07-25,8.8
2012-07-26,8.9
2012-07-27,8.9
2012-07-28,8.9
2012-07-29,8.7
2012-07-30,9.1
2012-07-31,9.4
2012-08-01,9.6
2012-08-02,10.5
2012-08-03,11.0
2012-08-04,11.0
2012-08-05,10.9
2012-08-06,10.9
2012-08-07,11.1
2012-08-08,11.1
2012-08-09,11.1
2012-08-10,11.4
2012-08-11,11.5
2012-08-12,11.6
2012-08-13,12.0
2012-08-14,12.2
2012-08-15,13.3
2012-08-16,13.5
2012-08-17,11.6
2012-08-18,11.6
2012-08-19,8.0
2012-08-20,10.1
2012-08-21,9.9
2012-08-22,9.8
2012-08-23,10.1
2012-08-24,10.6
2012-08-25,10.5
2012-08-26,10.6
2012-08-27,10.9
2012-08-28,10.9
2012-08-29,10.9
2012-08-30,10.8
2012-08-31,10.2
2012-09-01,10.0
2012-09-02,10.2
2012-09-03,10.5
2012-09-04,10.4
2012-09-05,11.0
2012-09-06,11.2
2012-09-07,11.0
2012-09-08,11.0
2012-09-09,11.0
2012-09-10,11.2
2012-09-11,11.3
2012-09-12,11.4
2012-09-13,11.4
2012-09-14,11.7
2012-09-15,11.8
2012-09-16,11.9
2012-09-17,11.9
2012-09-18,12.3
2012-09-19,12.6
2012-09-20,12.3
2012-09-21,12.4
2012-09-22,12.2
2012-09-23,12.2
2012-09-24,12.1
2012-09-25,12.2
2012-09-26,12.3
2012-09-27,12.3
2012-09-28,12.4
2012-09-29,12.4
2012-09-30,12.4
2012-10-01,12.4
2012-10-02,12.8
2012-10-03,12.9
2012-10-04,12.9
2012-10-05,12.7
2012-10-06,12.5
2012-10-07,11.8
2012-10-08,11.8
2012-10-09,11.9
2012-10-10,12.1
2012-10-11,12.0
2012-10-12,12.0
2012-10-13,11.9
2012-10-14,11.7
2012-10-15,11.8
2012-10-16,11.9
2012-10-17,11.8
2012-10-18,11.9
2012-10-19,11.7
2012-10-20,11.7
2012-10-21,11.6
2012-10-22,11.7
2012-10-23,11.6
2012-10-24,11.6
2012-10-25,10.9
2012-10-26,10.2
2012-10-27,10.3
2012-10-28,10.7
2012-10-29,10.6
2012-10-30,10.9
2012-10-31,11.2
2012-11-01,10.6
2012-11-02,10.5
2012-11-03,10.6
2012-11-04,10.8
2012-11-05,10.8
2012-11-06,10.9
2012-11-07,10.9
2012-11-08,10.9
2012-11-09,10.8
2012-11-10,10.9
2012-11-11,10.9
2012-11-12,11.0
2012-11-13,10.9
2012-11-14,10.9
2012-11-15,11.2
2012-11-16,11.8
2012-11-17,11.8
2012-11-18,11.6
2012-11-19,11.8
2012-11-20,11.7
2012-11-21,11.8
2012-11-22,12.4
2012-11-23,12.3
2012-11-24,12.4
2012-11-25,12.5
2012-11-26,12.3
2012-11-27,12.2
2012-11-28,12.4
2012-11-29,12.4
2012-11-30,12.6
2012-12-01,12.6
2012-12-02,12.5
2012-12-03,12.7
2012-12-04,13.4
2012-12-05,13.4
2012-12-06,13.3
2012-12-07,13.5
2012-12-08,13.4
2012-12-09,13.4
2012-12-10,13.4
2012-12-11,13.6
2012-12-12,13.7
2012-12-13,13.7
2012-12-14,13.6
2012-12-15,13.5
2012-12-16,13.3
2012-12-17,13.3
2012-12-18,13.3
2012-12-19,13.6
2012-12-20,13.5
2012-12-21,13.5
2012-12-22,13.4
2012-12-23,13.3
2012-12-24,13.4
2012-12-25,13.4
2012-12-26,13.5
2012-12-27,13.4
2012-12-28,13.4
2012-12-29,13.4
2012-12-30,13.4
2012-12-31,13.5
2013-01-01,13.3
2013-01-02,13.3
2013-01-03,13.4
2013-01-04,13.5
2013-01-05,13.4
2013-01-06,13.4
2013-01-07,13.6
2013-01-08,13.7
2013-01-09,13.8
2013-01-10,14.1
2013-01-11,14.1
2013-01-12,14.2
2013-01-13,14.1
2013-01-14,14.3
2013-01-15,14.3
2013-01-16,14.7
2013-01-17,15.5
2013-01-18,15.7
2013-01-19,15.6
2013-01-20,15.7
2013-01-21,16.8
2013-01-22,17.3
2013-01-23,17.5
2013-01-24,16.9
2013-01-25,17.4
2013-01-26,17.9
2013-01-27,17.8
2013-01-28,18.7
2013-01-29,19.5
2013-01-30,19.7
2013-01-31,20.4
2013-02-01,20.5
2013-02-02,19.6
2013-02-03,20.6
2013-02-04,20.4
2013-02-05,20.6
2013-02-06,21.2
2013-02-07,22.1
2013-02-08,22.7
2013-02-09,23.6
2013-02-10,24.0
2013-02-11,24.6
2013-02-12,25.2
2013-02-13,24.2
2013-02-14,27.2
2013-02-15,27.1
2013-02-16,27.2
2013-02-17,26.8
2013-02-18,27.0
2013-02-19,29.4
2013-02-20,29.6
2013-02-21,29.8
2013-02-22,30.3
2013-02-23,29.8
2013-02-24,29.9
2013-02-25,30.4
2013-02-26,31.1
2013-02-27,30.9
2013-02-28,33.4
2013-03-01,34.5
2013-03-02,34.3
2013-03-03,34.5
2013-03-04,36.2
2013-03-05,40.3
2013-03-06,41.0
2013-03-07,42.0
2013-03-08,44.2
2013-03-09,46.8
2013-03-10,46.0
2013-03-11,48.4
2013-03-12,44.3
2013-03-13,46.9
2013-03-14,47.2
2013-03-15,47.0
2013-03-16,47.0
2013-03-17,47.4
2013-03-18,51.6
2013-03-19,59.1
2013-03-20,64.5
2013-03-21,70.8
2013-03-22,69.9
2013-03-23,64.3
2013-03-24,71.5
2013-03-25,73.6
2013-03-26,78.5
2013-03-27,88.9
2013-03-28,86.2
2013-03-29,90.5
2013-03-30,92.2
2013-03-31,93.0
2013-04-01,104.0
2013-04-02,118.0
2013-04-03,135.0
2013-04-04,132.1
2013-04-05,142.3
2013-04-06,142.6
2013-04-07,162.3
2013-04-08,187.5
2013-04-09,230.0
2013-04-10,165.0
2013-04-11,124.9
2013-04-12,117.0
2013-04-13,93.0
2013-04-14,90.0
2013-04-15,82.4
2013-04-16,68.4
2013-04-17,93.1
2013-04-18,109.0
2013-04-19,118.5
2013-04-20,126.6
2013-04-21,119.2
2013-04-22,127.4
2013-04-23,143.5
2013-04-24,154.2
2013-04-25,141.7
2013-04-26,136.9
2013-04-27,128.0
2013-04-28,134.4
2013-04-29,144.0
2013-04-30,139.2
2013-05-01,116.4
2013-05-02,106.3
2013-05-03,98.1
2013-05-04,112.9
2013-05-05,116.0
2013-05-06,112.3
2013-05-07,109.6
2013-05-08,113.2
2013-05-09,112.8
2013-05-10,117.7
2013-05-11,115.6
2013-05-12,114.8
2013-05-13,118.0
2013-05-14,111.4
2013-05-15,114.2
2013-05-16,118.2
2013-05-17,123.5
2013-05-18,123.2
2013-05-19,122.5
2013-05-20,122.0
2013-05-21,122.9
2013-05-22,123.8
2013-05-23,126.3
2013-05-24,133.1
2013-05-25,132.0
2013-05-26,133.5
2013-05-27,129.8
2013-05-28,129.0
2013-05-29,132.3
2013-05-30,128.8
2013-05-31,128.8
2013-06-01,129.3
2013-06-02,122.5
2013-06-03,120.7
2013-06-04,121.4
2013-06-05,121.9
2013-06-06,119.0
2013-06-07,111.0
2013-06-08,107.9
2013-06-09,100.4
2013-06-10,106.3
2013-06-11,109.0
2013-06-12,108.8
2013-06-13,103.9
2013-06-14,100.0
2013-06-15,99.8
2013-06-16,99.9
2013-06-17,101.9
2013-06-18,107.3
2013-06-19,108.3
2013-06-20,111.3
2013-06-21,109.5
2013-06-22,108.2
2013-06-23,107.9
2013-06-24,102.1
2013-06-25,103.3
2013-06-26,104.0
2013-06-27,101.7
2013-06-28,94.7
2013-06-29,95.0
2013-06-30,97.5
2013-07-01,84.6
2013-07-02,87.7
2013-07-03,76.9
2013-07-04,77.7
2013-07-05,66.3
2013-07-06,66.8
2013-07-07,72.5
2013-07-08,74.6
2013-07-09,74.2
2013-07-10,84.5
2013-07-11,91.2
2013-07-12,88.5
2013-07-13,91.4
2013-07-14,90.4
2013-07-15,93.1
2013-07-16,92.7
2013-07-17,90.5
2013-07-18,85.4
2013-07-19,85.8
2013-07-20,85.7
2013-07-21,85.5
2013-07-22,86.1
2013-07-23,86.9
2013-07-24,87.5
2013-07-25,89.4
2013-07-26,90.6
2013-07-27,89.1
2013-07-28,92.1
2013-07-29,93.3
2013-07-30,96.3
2013-07-31,97.9
2013-08-01,96.4
2013-08-02,97.2
2013-08-03,96.7
2013-08-04,96.6
2013-08-05,96.9
2013-08-06,97.1
2013-08-07,96.9
2013-08-08,94.8
2013-08-09,93.4
2013-08-10,93.3
2013-08-11,94.2
2013-08-12,95.1
2013-08-13,97.9
2013-08-14,98.0
2013-08-15,97.5
2013-08-16,98.3
2013-08-17,99.6
2013-08-18,98.8
2013-08-19,102.3
2013-08-20,105.0
2013-08-21,111.4
2013-08-22,109.7
2013-08-23,107.6
2013-08-24,108.7
2013-08-25,111.8
2013-08-26,112.2
2013-08-27,117.4
2013-08-28,117.6
2013-08-29,117.5
2013-08-30,123.2
2013-08-31,129.5
2013-09-01,128.3
2013-09-02,127.4
2013-09-03,127.6
2013-09-04,120.6
2013-09-05,120.5
2013-09-06,116.3
2013-09-07,119.1
2013-09-08,116.6
2013-09-09,120.0
2013-09-10,121.5
2013-09-11,125.4
2013-09-12,125.8
2013-09-13,126.5
2013-09-14,124.1
2013-09-15,124.6
2013-09-16,125.1
2013-09-17,126.0
2013-09-18,126.3
2013-09-19,124.2
2013-09-20,122.9
2013-09-21,122.6
2013-09-22,122.7
2013-09-23,122.2
2013-09-24,122.5
2013-09-25,123.4
2013-09-26,123.5
2013-09-27,123.5
2013-09-28,124.8
2013-09-29,125.2
2013-09-30,123.1
2013-10-01,125.5
2013-10-02,99.8
2013-10-03,116.8
2013-10-04,121.3
2013-10-05,121.1
2013-10-06,121.7
2013-10-07,123.2
2013-10-08,124.3
2013-10-09,125.8
2013-10-10,125.7
2013-10-11,125.5
2013-10-12,126.5
2013-10-13,130.4
2013-10-14,133.0
2013-10-15,138.6
2013-10-16,137.4
2013-10-17,142.7
2013-10-18,149.6
2013-10-19,159.8
2013-10-20,163.1
2013-10-21,174.2
2013-10-22,183.9
2013-10-23,200.6
2013-10-24,183.1
2013-10-25,178.1
2013-10-26,175.9
2013-10-27,185.7
2013-10-28,187.9
2013-10-29,198.2
2013-10-30,194.6
2013-10-31,198.2
2013-11-01,198.5
2013-11-02,200.9
2013-11-03,207.6
2013-11-04,225.2
2013-11-05,239.3
2013-11-06,253.7
2013-11-07,283.3
2013-11-08,323.8
2013-11-09,336.1
2013-11-10,311.9
2013-11-11,342.8
2013-11-12,343.3
2013-11-13,366.8
2013-11-14,396.2
2013-11-15,419.1
2013-11-16,412.0
2013-11-17,435.9
2013-11-18,461.0
2013-11-19,600.0
2013-11-20,504.9
2013-11-21,587.0
2013-11-22,680.0
2013-11-23,800.2
2013-11-24,746.9
2013-11-25,785.9
2013-11-26,790.2
2013-11-27,863.9
2013-11-28,955.0
2013-11-29,1030.0
2013-11-30,1105.1
2013-12-01,998.1
2013-12-02,997.9
2013-12-03,1048.0
2013-12-04,1065.5
2013-12-05,1129.8
2013-12-06,1028.2
2013-12-07,833.3
2013-12-08,717.1
2013-12-09,871.4
2013-12-10,967.2
2013-12-11,1005.6
2013-12-12,878.9
2013-12-13,911.0
2013-12-14,904.0
2013-12-15,891.2
2013-12-16,896.8
2013-12-17,712.2
2013-12-18,668.8
2013-12-19,545.6
2013-12-20,702.0
2013-12-21,655.4
2013-12-22,590.0
2013-12-23,650.2
2013-12-24,662.0
2013-12-25,662.0
2013-12-26,680.0
2013-12-27,757.5
2013-12-28,726.0
2013-12-29,710.7
2013-12-30,735.0
2013-12-31,731.5
2014-01-01,740.0
2014-01-02,746.2
2014-01-03,801.0
2014-01-04,806.5
2014-01-05,839.5
2014-01-06,910.0
2014-01-07,928.7
2014-01-08,781.0
2014-01-09,833.7
2014-01-10,833.0
2014-01-11,899.0
2014-01-12,892.0
2014-01-13,846.6
2014-01-14,827.8
2014-01-15,835.5
2014-01-16,847.1
2014-01-17,820.0
2014-01-18,810.0
2014-01-19,819.0
2014-01-20,831.0
2014-01-21,810.0
2014-01-22,807.0
2014-01-23,819.0
2014-01-24,800.0
2014-01-25,795.8
2014-01-26,804.2
2014-01-27,810.9
2014-01-28,779.8
2014-01-29,789.0
2014-01-30,794.4
2014-01-31,801.7
2014-02-01,801.9
2014-02-02,801.9
2014-02-03,806.8
2014-02-04,810.8
2014-02-05,807.0
2014-02-06,793.0
2014-02-07,750.3
2014-02-08,700.0
2014-02-09,702.6
2014-02-10,720.0
2014-02-11,739.0
2014-02-12,691.1
2014-02-13,671.9
2014-02-14,622.0
2014-02-15,652.9
2014-02-16,650.0
2014-02-17,626.0
2014-02-18,660.0
2014-02-19,634.2
2014-02-20,633.0
2014-02-21,565.2
2014-02-22,587.6
2014-02-23,597.7
2014-02-24,597.3
2014-02-25,554.0
2014-02-26,548.7
2014-02-27,592.5
2014-02-28,575.5
2014-03-01,565.0
2014-03-02,570.9
2014-03-03,571.5
2014-03-04,654.7
2014-03-05,658.0
2014-03-06,673.4
2014-03-07,663.0
2014-03-08,621.0
2014-03-09,610.5
2014-03-10,621.0
2014-03-11,615.0
2014-03-12,615.0
2014-03-13,633.5
2014-03-14,632.9
2014-03-15,636.9
2014-03-16,640.1
2014-03-17,635.0
2014-03-18,623.1
2014-03-19,622.9
2014-03-20,610.0
2014-03-21,581.0
2014-03-22,560.0
2014-03-23,570.3
2014-03-24,560.4
2014-03-25,586.6
2014-03-26,580.0
2014-03-27,582.4
2014-03-28,525.0
2014-03-29,506.2
2014-03-30,493.0
2014-03-31,478.6
2014-04-01,460.3
2014-04-02,479.2
2014-04-03,440.6
2014-04-04,441.5
2014-04-05,453.0
2014-04-06,463.3
2014-04-07,460.2
2014-04-08,454.5
2014-04-09,455.0
2014-04-10,440.2
2014-04-11,355.0
2014-04-12,417.8
2014-04-13,415.0
2014-04-14,403.1
2014-04-15,453.4
2014-04-16,510.0
2014-04-17,519.5
2014-04-18,499.4
2014-04-19,488.2
2014-04-20,510.0
2014-04-21,509.0
2014-04-22,499.5
2014-04-23,494.9
2014-04-24,486.0
2014-04-25,493.1
2014-04-26,467.4
2014-04-27,460.0
2014-04-28,434.0
2014-04-29,438.7
2014-04-30,446.0
2014-05-01,450.8
2014-05-02,459.0
2014-05-03,452.0
2014-05-04,439.5
2014-05-05,436.4
2014-05-06,426.5
2014-05-07,430.0
2014-05-08,440.0
2014-05-09,440.0
2014-05-10,452.0
2014-05-11,449.6
2014-05-12,434.5
2014-05-13,439.0
2014-05-14,437.3
2014-05-15,440.0
2014-05-16,442.0
2014-05-17,443.0
2014-05-18,438.0
2014-05-19,434.8
2014-05-20,440.0
2014-05-21,480.0
2014-05-22,476.5
2014-05-23,507.0
2014-05-24,500.0
2014-05-25,507.8
2014-05-26,569.0
2014-05-27,575.6
2014-05-28,570.0
2014-05-29,570.0
2014-05-30,590.0
2014-05-31,621.0
2014-06-01,638.0
2014-06-02,647.1
2014-06-03,673.1
2014-06-04,681.3
2014-06-05,651.8
2014-06-06,661.0
2014-06-07,646.8
2014-06-08,664.8
2014-06-09,663.9
2014-06-10,654.0
2014-06-11,657.3
2014-06-12,636.0
2014-06-13,586.9
2014-06-14,584.0
2014-06-15,565.0
2014-06-16,580.8
2014-06-17,578.8
2014-06-18,615.5
2014-06-19,608.0
2014-06-20,595.9
2014-06-21,597.3
2014-06-22,605.0
2014-06-23,609.7
2014-06-24,595.9
2014-06-25,585.0
2014-06-26,573.5
2014-06-27,582.7
2014-06-28,602.5
2014-06-29,603.0
2014-06-30,605.5
2014-07-01,650.0
2014-07-02,650.6
2014-07-03,649.5
2014-07-04,650.0
2014-07-05,635.0
2014-07-06,634.6
2014-07-07,630.5
2014-07-08,623.3
2014-07-09,620.7
2014-07-10,618.5
2014-07-11,610.0
2014-07-12,625.1
2014-07-13,626.0
2014-07-14,621.7
2014-07-15,621.3
2014-07-16,620.0
2014-07-17,622.0
2014-07-18,626.4
2014-07-19,627.2
2014-07-20,623.3
2014-07-21,621.0
2014-07-22,620.0
2014-07-23,612.0
2014-07-24,616.8
2014-07-25,600.9
2014-07-26,599.0
2014-07-27,594.3
2014-07-28,585.0
2014-07-29,580.0
2014-07-30,575.4
2014-07-31,554.0
2014-08-01,578.0
2014-08-02,593.3
2014-08-03,583.9
2014-08-04,583.1
2014-08-05,582.0
2014-08-06,575.3
2014-08-07,577.5
2014-08-08,582.9
2014-08-09,583.0
2014-08-10,581.9
2014-08-11,582.7
2014-08-12,570.0
2014-08-13,567.6
2014-08-14,549.0
2014-08-15,517.3
2014-08-16,502.7
2014-08-17,525.4
2014-08-18,504.2
2014-08-19,470.0
2014-08-20,492.1
2014-08-21,515.6
2014-08-22,518.4
2014-08-23,510.5
2014-08-24,500.7
2014-08-25,506.3
2014-08-26,507.0
2014-08-27,512.9
2014-08-28,512.0
2014-08-29,506.0
2014-08-30,506.9
2014-08-31,503.1
2014-09-01,487.4
2014-09-02,481.6
2014-09-03,478.5
2014-09-04,473.7
2014-09-05,487.1
2014-09-06,481.4
2014-09-07,481.1
2014-09-08,476.7
2014-09-09,471.0
2014-09-10,474.0
2014-09-11,479.6
2014-09-12,475.7
2014-09-13,471.2
2014-09-14,477.2
2014-09-15,476.5
2014-09-16,466.8
2014-09-17,465.7
2014-09-18,456.7
2014-09-19,426.8
2014-09-20,396.5
2014-09-21,409.3
2014-09-22,400.1
2014-09-23,398.9
2014-09-24,426.7
2014-09-25,420.6
2014-09-26,411.2
2014-09-27,400.4
2014-09-28,398.8
2014-09-29,376.8
2014-09-30,374.2
2014-10-01,387.0
2014-10-02,383.1
2014-10-03,371.5
2014-10-04,359.6
2014-10-05,327.6
2014-10-06,320.2
2014-10-07,330.5
2014-10-08,332.1
2014-10-09,349.1
2014-10-10,363.7
2014-10-11,358.9
2014-10-12,361.9
2014-10-13,367.1
2014-10-14,388.0
2014-10-15,392.7
2014-10-16,395.0
2014-10-17,380.7
2014-10-18,379.1
2014-10-19,386.3
2014-10-20,385.9
2014-10-21,380.7
2014-10-22,382.9
2014-10-23,379.7
2014-10-24,356.1
2014-10-25,356.8
2014-10-26,346.8
2014-10-27,351.1
2014-10-28,351.2
2014-10-29,352.2
2014-10-30,334.6
2014-10-31,344.9
2014-11-01,337.7
2014-11-02,327.0
2014-11-03,324.3
2014-11-04,323.6
2014-11-05,330.8
2014-11-06,337.8
2014-11-07,348.5
2014-11-08,342.0
2014-11-09,343.7
2014-11-10,360.0
2014-11-11,366.5
2014-11-12,375.0
2014-11-13,428.3
2014-11-14,410.0
2014-11-15,400.5
2014-11-16,380.6
2014-11-17,388.9
2014-11-18,388.6
2014-11-19,373.1
2014-11-20,380.5
2014-11-21,353.5
2014-11-22,350.9
2014-11-23,347.5
2014-11-24,365.3
2014-11-25,373.5
2014-11-26,377.0
2014-11-27,369.3
2014-11-28,369.9
2014-11-29,375.3
2014-11-30,374.7
2014-12-01,376.7
2014-12-02,377.4
2014-12-03,381.4
2014-12-04,375.8
2014-12-05,368.8
2014-12-06,378.0
2014-12-07,373.9
2014-12-08,375.2
2014-12-09,363.2
2014-12-10,354.0
2014-12-11,346.6
2014-12-12,350.4
2014-12-13,352.6
2014-12-14,350.6
2014-12-15,354.1
2014-12-16,348.1
2014-12-17,333.4
2014-12-18,318.6
2014-12-19,309.3
2014-12-20,315.8
2014-12-21,328.4
2014-12-22,318.2
2014-12-23,330.0
2014-12-24,333.6
2014-12-25,322.6
2014-12-26,319.2
2014-12-27,327.1
2014-12-28,317.3
2014-12-29,319.6
2014-12-30,314.4
2014-12-31,309.0
2015-01-01,317.5
2015-01-02,313.6
2015-01-03,314.8
2015-01-04,282.0
2015-01-05,261.0
2015-01-06,273.2
2015-01-07,286.1
2015-01-08,296.2
2015-01-09,285.4
2015-01-10,292.4
2015-01-11,274.8
2015-01-12,267.2
2015-01-13,267.3
2015-01-14,230.3
2015-01-15,181.1
2015-01-16,216.0
2015-01-17,207.2
2015-01-18,202.9
2015-01-19,211.2
2015-01-20,215.0
2015-01-21,219.0
2015-01-22,245.5
2015-01-23,230.0
2015-01-24,215.0
2015-01-25,248.0
2015-01-26,262.8
2015-01-27,274.7
2015-01-28,264.0
2015-01-29,235.9
2015-01-30,235.0
2015-01-31,229.0
2015-02-01,218.7
2015-02-02,228.4
2015-02-03,237.0
2015-02-04,228.8
2015-02-05,227.1
2015-02-06,216.8
2015-02-07,223.2
2015-02-08,229.2
2015-02-09,224.0
2015-02-10,221.1
2015-02-11,221.4
2015-02-12,220.0
2015-02-13,222.6
2015-02-14,236.1
2015-02-15,257.0
2015-02-16,235.9
2015-02-17,233.5
2015-02-18,244.0
2015-02-19,236.3
2015-02-20,240.0
2015-02-21,244.5
2015-02-22,245.5
2015-02-23,236.5
2015-02-24,239.4
2015-02-25,239.7
2015-02-26,238.0
2015-02-27,236.9
2015-02-28,255.1
2015-03-01,255.7
2015-03-02,262.4
2015-03-03,277.3
2015-03-04,283.8
2015-03-05,273.3
2015-03-06,277.7
2015-03-07,273.4
2015-03-08,277.0
2015-03-09,275.6
2015-03-10,291.0
2015-03-11,292.6
2015-03-12,296.7
2015-03-13,295.5
2015-03-14,283.2
2015-03-15,282.6
2015-03-16,286.9
2015-03-17,291.2
2015-03-18,285.1
2015-03-19,257.3
2015-03-20,262.0
2015-03-21,262.2
2015-03-22,260.5
2015-03-23,268.8
2015-03-24,267.2
2015-03-25,246.0
2015-03-26,246.3
2015-03-27,249.2
2015-03-28,246.5
2015-03-29,252.9
2015-03-30,242.7
2015-03-31,247.9
2015-04-01,244.5
2015-04-02,246.9
2015-04-03,253.2
2015-04-04,254.2
2015-04-05,253.6
2015-04-06,260.5
2015-04-07,255.6
2015-04-08,253.7
2015-04-09,244.9
2015-04-10,243.6
2015-04-11,236.1
2015-04-12,236.9
2015-04-13,236.4
2015-04-14,225.0
2015-04-15,220.2
2015-04-16,224.0
2015-04-17,228.5
2015-04-18,222.4
2015-04-19,223.1
2015-04-20,222.2
2015-04-21,224.2
2015-04-22,237.0
2015-04-23,234.1
2015-04-24,236.0
2015-04-25,231.4
2015-04-26,226.1
2015-04-27,219.7
2015-04-28,227.1
2015-04-29,225.3
2015-04-30,225.2
2015-05-01,236.1
2015-05-02,231.8
2015-05-03,234.8
2015-05-04,240.6
2015-05-05,238.5
2015-05-06,235.9
2015-05-07,229.3
2015-05-08,237.3
2015-05-09,244.5
2015-05-10,242.5
2015-05-11,240.7
2015-05-12,242.5
2015-05-13,241.9
2015-05-14,235.7
2015-05-15,236.7
2015-05-16,237.3
2015-05-17,235.7
2015-05-18,236.1
2015-05-19,232.8
2015-05-20,231.7
2015-05-21,234.2
2015-05-22,235.3
2015-05-23,241.0
2015-05-24,238.8
2015-05-25,241.0
2015-05-26,237.1
2015-05-27,237.4
2015-05-28,236.9
2015-05-29,236.9
2015-05-30,236.5
2015-05-31,232.5
2015-06-01,228.7
2015-06-02,222.0
2015-06-03,224.7
2015-06-04,225.1
2015-06-05,223.2
2015-06-06,224.5
2015-06-07,225.7
2015-06-08,223.3
2015-06-09,228.8
2015-06-10,229.1
2015-06-11,228.6
2015-06-12,230.0
2015-06-13,229.4
2015-06-14,232.9
2015-06-15,233.5
2015-06-16,237.0
2015-06-17,252.1
2015-06-18,248.9
2015-06-19,249.5
2015-06-20,244.6
2015-06-21,245.4
2015-06-22,244.3
2015-06-23,246.7
2015-06-24,244.3
2015-06-25,239.8
2015-06-26,242.1
2015-06-27,243.3
2015-06-28,251.6
2015-06-29,248.7
2015-06-30,256.7
2015-07-01,262.9
2015-07-02,258.1
2015-07-03,254.5
2015-07-04,256.1
2015-07-05,260.6
2015-07-06,270.1
2015-07-07,268.8
2015-07-08,269.5
2015-07-09,270.0
2015-07-10,269.2
2015-07-11,269.2
2015-07-12,300.6
2015-07-13,311.1
2015-07-14,292.6
2015-07-15,286.9
2015-07-16,285.4
2015-07-17,278.9
2015-07-18,279.9
2015-07-19,277.3
2015-07-20,275.0
2015-07-21,280.2
2015-07-22,275.8
2015-07-23,278.0
2015-07-24,276.5
2015-07-25,288.6
2015-07-26,289.4
2015-07-27,293.0
2015-07-28,294.8
2015-07-29,295.2
2015-07-30,289.9
2015-07-31,288.2
2015-08-01,284.5
2015-08-02,280.3
2015-08-03,282.4
2015-08-04,281.3
2015-08-05,285.5
2015-08-06,282.6
2015-08-07,279.1
2015-08-08,280.2
2015-08-09,261.3
2015-08-10,265.6
2015-08-11,265.1
2015-08-12,272.0
2015-08-13,267.1
2015-08-14,264.5
2015-08-15,266.3
2015-08-16,262.2
2015-08-17,259.9
2015-08-18,258.5
2015-08-19,194.0
2015-08-20,226.3
2015-08-21,235.5
2015-08-22,232.2
2015-08-23,230.3
2015-08-24,228.1
2015-08-25,210.5
2015-08-26,222.7
2015-08-27,226.1
2015-08-28,225.8
2015-08-29,231.8
2015-08-30,230.8
2015-08-31,230.0
2015-09-01,231.4
2015-09-02,228.2
2015-09-03,229.7
2015-09-04,227.3
2015-09-05,230.9
2015-09-06,235.8
2015-09-07,241.0
2015-09-08,240.9
2015-09-09,244.2
2015-09-10,238.9
2015-09-11,239.5
2015-09-12,240.6
2015-09-13,235.8
2015-09-14,231.0
2015-09-15,230.9
2015-09-16,230.9
2015-09-17,229.0
2015-09-18,233.6
2015-09-19,233.8
2015-09-20,232.1
2015-09-21,232.1
2015-09-22,227.2
2015-09-23,231.1
2015-09-24,230.5
2015-09-25,234.6
2015-09-26,235.3
2015-09-27,234.6
2015-09-28,233.4
2015-09-29,240.4
2015-09-30,236.8
2015-10-01,236.5
2015-10-02,238.5
2015-10-03,237.9
2015-10-04,239.8
2015-10-05,239.5
2015-10-06,242.0
2015-10-07,247.4
2015-10-08,244.0
2015-10-09,243.0
2015-10-10,244.8
2015-10-11,246.0
2015-10-12,248.0
2015-10-13,246.2
2015-10-14,251.3
2015-10-15,253.5
2015-10-16,255.2
2015-10-17,263.5
2015-10-18,272.9
2015-10-19,265.0
2015-10-20,265.1
2015-10-21,271.0
2015-10-22,267.8
2015-10-23,275.8
2015-10-24,279.2
2015-10-25,284.2
2015-10-26,284.7
2015-10-27,287.2
2015-10-28,295.3
2015-10-29,304.5
2015-10-30,314.9
2015-10-31,328.2
2015-11-01,316.0
2015-11-02,330.2
2015-11-03,365.3
2015-11-04,405.0
2015-11-05,409.2
2015-11-06,387.9
2015-11-07,375.6
2015-11-08,384.9
2015-11-09,374.1
2015-11-10,381.1
2015-11-11,340.2
2015-11-12,314.3
2015-11-13,337.6
2015-11-14,338.5
2015-11-15,333.4
2015-11-16,320.5
2015-11-17,332.1
2015-11-18,336.3
2015-11-19,335.9
2015-11-20,326.5
2015-11-21,322.2
2015-11-22,327.8
2015-11-23,324.7
2015-11-24,323.6
2015-11-25,320.1
2015-11-26,329.9
2015-11-27,354.0
2015-11-28,358.9
2015-11-29,358.6
2015-11-30,373.9
2015-12-01,376.9
2015-12-02,362.7
2015-12-03,359.1
2015-12-04,360.5
2015-12-05,363.2
2015-12-06,390.0
2015-12-07,390.6
2015-12-08,396.7
2015-12-09,422.0
2015-12-10,418.7
2015-12-11,414.9
2015-12-12,457.0
2015-12-13,435.6
2015-12-14,432.5
2015-12-15,442.6
2015-12-16,466.0
2015-12-17,455.0
2015-12-18,455.6
2015-12-19,463.5
2015-12-20,462.4
2015-12-21,442.6
2015-12-22,437.5
2015-12-23,435.6
2015-12-24,442.6
2015-12-25,456.1
2015-12-26,455.5
2015-12-27,416.5
2015-12-28,422.3
2015-12-29,420.1
2015-12-30,431.8
2015-12-31,424.7
2016-01-01,429.0
2016-01-02,434.0
2016-01-03,432.7
2016-01-04,428.6
2016-01-05,432.9
2016-01-06,431.8
2016-01-07,428.9
2016-01-08,458.8
2016-01-09,454.0
2016-01-10,449.2
2016-01-11,449.4
2016-01-12,449.3
2016-01-13,432.0
2016-01-14,431.1
2016-01-15,429.3
2016-01-16,359.0
2016-01-17,388.4
2016-01-18,382.0
2016-01-19,387.0
2016-01-20,378.9
2016-01-21,419.5
2016-01-22,411.0
2016-01-23,381.0
2016-01-24,385.6
2016-01-25,402.8
2016-01-26,391.0
2016-01-27,391.3
2016-01-28,394.7
2016-01-29,378.4
2016-01-30,377.6
2016-01-31,377.0
2016-02-01,365.5
2016-02-02,371.4
2016-02-03,372.9
2016-02-04,369.0
2016-02-05,389.8
2016-02-06,386.5
2016-02-07,373.7
2016-02-08,372.0
2016-02-09,370.5
2016-02-10,374.3
2016-02-11,380.9
2016-02-12,378.0
2016-02-13,382.9
2016-02-14,393.0
2016-02-15,408.3
2016-02-16,399.9
2016-02-17,407.3
2016-02-18,414.9
2016-02-19,421.5
2016-02-20,419.8
2016-02-21,438.7
2016-02-22,440.5
2016-02-23,440.3
2016-02-24,421.4
2016-02-25,426.4
2016-02-26,424.9
2016-02-27,435.5
2016-02-28,434.2
2016-02-29,434.5
2016-03-01,439.2
2016-03-02,434.8
2016-03-03,422.1
2016-03-04,420.6
2016-03-05,408.8
2016-03-06,397.4
2016-03-07,403.8
2016-03-08,412.6
2016-03-09,411.4
2016-03-10,413.0
2016-03-11,416.5
2016-03-12,420.5
2016-03-13,410.0
2016-03-14,411.9
2016-03-15,415.9
2016-03-16,415.5
2016-03-17,417.3
2016-03-18,418.8
2016-03-19,407.7
2016-03-20,408.4
2016-03-21,411.3
2016-03-22,411.9
2016-03-23,417.7
2016-03-24,418.1
2016-03-25,415.3
2016-03-26,416.0
2016-03-27,416.7
2016-03-28,427.4
2016-03-29,424.1
2016-03-30,416.0
2016-03-31,413.2
2016-04-01,416.0
2016-04-02,417.9
2016-04-03,420.3
2016-04-04,420.6
2016-04-05,420.5
2016-04-06,423.8
2016-04-07,422.6
2016-04-08,422.3
2016-04-09,418.5
2016-04-10,418.5
2016-04-11,421.3
2016-04-12,423.7
2016-04-13,426.6
2016-04-14,424.8
2016-04-15,426.0
2016-04-16,431.5
2016-04-17,432.5
2016-04-18,428.5
2016-04-19,430.0
2016-04-20,437.8
2016-04-21,443.9
2016-04-22,452.3
2016-04-23,447.8
2016-04-24,453.7
2016-04-25,463.0
2016-04-26,461.8
2016-04-27,468.1
2016-04-28,444.9
2016-04-29,450.5
2016-04-30,455.3
2016-05-01,446.6
2016-05-02,451.1
2016-05-03,443.7
2016-05-04,450.4
2016-05-05,447.4
2016-05-06,448.4
2016-05-07,461.2
2016-05-08,460.2
2016-05-09,459.9
2016-05-10,461.6
2016-05-11,450.7
2016-05-12,452.3
2016-05-13,455.0
2016-05-14,455.8
2016-05-15,455.8
2016-05-16,457.9
2016-05-17,453.0
2016-05-18,453.2
2016-05-19,453.5
2016-05-20,434.5
2016-05-21,441.6
2016-05-22,440.8
2016-05-23,437.5
2016-05-24,443.5
2016-05-25,445.0
2016-05-26,449.1
2016-05-27,454.0
2016-05-28,472.0
2016-05-29,527.0
2016-05-30,531.0
2016-05-31,532.9
2016-06-01,530.7
2016-06-02,536.8
2016-06-03,538.8
2016-06-04,570.9
2016-06-05,572.9
2016-06-06,574.0
2016-06-07,585.2
2016-06-08,576.9
2016-06-09,583.0
2016-06-10,575.5
2016-06-11,580.1
2016-06-12,614.6
2016-06-13,672.0
2016-06-14,705.9
2016-06-15,684.5
2016-06-16,697.0
2016-06-17,769.5
2016-06-18,748.7
2016-06-19,757.6
2016-06-20,767.3
2016-06-21,705.8
2016-06-22,669.0
2016-06-23,605.6
2016-06-24,625.8
2016-06-25,665.5
2016-06-26,664.9
2016-06-27,627.4
2016-06-28,662.2
2016-06-29,646.6
2016-06-30,640.0
2016-07-01,674.7
2016-07-02,674.8
2016-07-03,706.0
2016-07-04,659.3
2016-07-05,681.3
2016-07-06,667.8
2016-07-07,677.4
2016-07-08,640.5
2016-07-09,664.8
2016-07-10,648.1
2016-07-11,649.7
2016-07-12,648.0
2016-07-13,667.1
2016-07-14,653.7
2016-07-15,659.8
2016-07-16,665.5
2016-07-17,665.3
2016-07-18,683.2
2016-07-19,674.3
2016-07-20,675.0
2016-07-21,665.8
2016-07-22,665.0
2016-07-23,648.0
2016-07-24,654.0
2016-07-25,661.8
2016-07-26,654.2
2016-07-27,648.5
2016-07-28,648.5
2016-07-29,657.0
2016-07-30,658.3
2016-07-31,655.0
2016-08-01,622.7
2016-08-02,608.3
2016-08-03,604.1
2016-08-04,604.1
2016-08-05,604.1
2016-08-06,604.1
2016-08-07,604.1
2016-08-08,604.1
2016-08-09,604.1
2016-08-10,604.1
2016-08-11,590.5
2016-08-12,591.3
2016-08-13,585.5
2016-08-14,583.7
2016-08-15,569.4
2016-08-16,564.6
2016-08-17,574.2
2016-08-18,571.8
2016-08-19,572.3
2016-08-20,573.5
2016-08-21,582.1
2016-08-22,581.4
2016-08-23,588.0
2016-08-24,583.5
2016-08-25,580.3
2016-08-26,577.2
2016-08-27,578.0
2016-08-28,568.5
2016-08-29,574.2
2016-08-30,574.8
2016-08-31,579.5
2016-09-01,576.2
2016-09-02,572.7
2016-09-03,579.8
2016-09-04,609.9
2016-09-05,614.5
2016-09-06,611.5
2016-09-07,615.1
2016-09-08,619.8
2016-09-09,631.7
2016-09-10,626.3
2016-09-11,628.0
2016-09-12,612.1
2016-09-13,611.6
2016-09-14,614.2
2016-09-15,613.9
2016-09-16,611.8
2016-09-17,610.0
2016-09-18,607.7
2016-09-19,613.0
2016-09-20,609.8
2016-09-21,600.1
2016-09-22,597.4
2016-09-23,597.1
2016-09-24,603.3
2016-09-25,602.5
2016-09-26,600.4
2016-09-27,609.1
2016-09-28,605.5
2016-09-29,603.8
2016-09-30,604.6
2016-10-01,611.1
2016-10-02,614.1
2016-10-03,609.1
2016-10-04,612.7
2016-10-05,610.7
2016-10-06,614.1
2016-10-07,613.5
2016-10-08,620.1
2016-10-09,620.5
2016-10-10,616.6
2016-10-11,618.9
2016-10-12,641.9
2016-10-13,637.6
2016-10-14,637.0
2016-10-15,643.0
2016-10-16,640.2
2016-10-17,644.2
2016-10-18,639.8
2016-10-19,638.7
2016-10-20,631.8
2016-10-21,632.5
2016-10-22,636.7
2016-10-23,665.0
2016-10-24,659.0
2016-10-25,654.7
2016-10-26,659.5
2016-10-27,678.7
2016-10-28,688.7
2016-10-29,693.5
2016-10-30,714.5
2016-10-31,702.5
2016-11-01,704.1
2016-11-02,731.4
2016-11-03,747.2
2016-11-04,696.9
2016-11-05,706.8
2016-11-06,709.2
2016-11-07,712.7
2016-11-08,704.8
2016-11-09,714.0
2016-11-10,724.4
2016-11-11,714.9
2016-11-12,714.8
2016-11-13,703.4
2016-11-14,708.1
2016-11-15,707.4
2016-11-16,712.2
2016-11-17,745.0
2016-11-18,740.7
2016-11-19,754.0
2016-11-20,752.9
2016-11-21,729.7
2016-11-22,739.0
2016-11-23,749.8
2016-11-24,742.0
2016-11-25,737.7
2016-11-26,740.4
2016-11-27,731.2
2016-11-28,724.9
2016-11-29,731.5
2016-11-30,731.0
2016-12-01,739.0
2016-12-02,755.4
2016-12-03,774.9
2016-12-04,765.5
2016-12-05,768.5
2016-12-06,750.6
2016-12-07,757.2
2016-12-08,765.0
2016-12-09,765.0
2016-12-10,770.5
2016-12-11,772.9
2016-12-12,770.2
2016-12-13,778.0
2016-12-14,775.0
2016-12-15,774.5
2016-12-16,777.4
2016-12-17,784.2
2016-12-18,791.0
2016-12-19,790.2
2016-12-20,790.6
2016-12-21,798.8
2016-12-22,829.3
2016-12-23,859.2
2016-12-24,919.0
2016-12-25,895.2
2016-12-26,898.0
2016-12-27,906.4
2016-12-28,936.4
2016-12-29,981.7
2016-12-30,974.7
2016-12-31,959.2
2017-01-01,966.6
2017-01-02,999.2
2017-01-03,1019.3
2017-01-04,1037.5
2017-01-05,1139.8
2017-01-06,1003.8
2017-01-07,898.5
2017-01-08,908.8
2017-01-09,915.9
2017-01-10,903.0
2017-01-11,905.8
2017-01-12,779.5
2017-01-13,804.6
2017-01-14,828.1
2017-01-15,815.3
2017-01-16,820.7
2017-01-17,830.1
2017-01-18,904.0
2017-01-19,887.6
2017-01-20,900.3
2017-01-21,895.7
2017-01-22,924.0
2017-01-23,923.7
2017-01-24,908.4
2017-01-25,886.1
2017-01-26,893.3
2017-01-27,915.1
2017-01-28,916.7
2017-01-29,919.4
2017-01-30,912.5
2017-01-31,917.4
2017-02-01,966.2
2017-02-02,983.7
2017-02-03,1007.0
2017-02-04,1016.8
2017-02-05,1031.1
2017-02-06,1006.6
2017-02-07,1022.6
2017-02-08,1052.5
2017-02-09,1049.0
2017-02-10,985.0
2017-02-11,992.1
2017-02-12,1000.1
2017-02-13,996.0
2017-02-14,996.5
2017-02-15,1013.3
2017-02-16,1013.9
2017-02-17,1038.5
2017-02-18,1056.2
2017-02-19,1059.8
2017-02-20,1056.2
2017-02-21,1091.3
2017-02-22,1129.6
2017-02-23,1125.5
2017-02-24,1189.9
2017-02-25,1185.4
2017-02-26,1153.0
2017-02-27,1178.3
2017-02-28,1196.0
2017-03-01,1189.1
2017-03-02,1232.9
2017-03-03,1257.6
2017-03-04,1289.1
2017-03-05,1267.8
2017-03-06,1278.4
2017-03-07,1279.2
2017-03-08,1232.4
2017-03-09,1150.0
2017-03-10,1190.4
2017-03-11,1113.5
2017-03-12,1172.4
2017-03-13,1224.4
2017-03-14,1238.5
2017-03-15,1245.0
2017-03-16,1256.1
2017-03-17,1169.1
2017-03-18,1067.8
2017-03-19,971.9
2017-03-20,1016.5
2017-03-21,1040.4
2017-03-22,1115.9
2017-03-23,1039.4
2017-03-24,1032.7
2017-03-25,942.1
2017-03-26,971.3
2017-03-27,968.9
2017-03-28,1042.8
2017-03-29,1044.7
2017-03-30,1041.7
2017-03-31,1042.1
2017-04-01,1081.3
2017-04-02,1093.5
2017-04-03,1107.8
2017-04-04,1150.1
2017-04-05,1145.8
2017-04-06,1140.3
2017-04-07,1191.5
2017-04-08,1196.6
2017-04-09,1188.1
2017-04-10,1215.9
2017-04-11,1220.3
2017-04-12,1236.9
2017-04-13,1227.4
2017-04-14,1187.0
2017-04-15,1206.8
2017-04-16,1193.3
2017-04-17,1212.5
2017-04-18,1240.0
2017-04-19,1265.4
2017-04-20,1260.5
2017-04-21,1308.7
2017-04-22,1327.1
2017-04-23,1346.4
2017-04-24,1355.3
2017-04-25,1345.0
2017-04-26,1371.0
2017-04-27,1399.3
2017-04-28,1440.3
2017-04-29,1415.6
2017-04-30,1425.4
2017-05-01,1435.0
2017-05-02,1533.0
2017-05-03,1558.5
2017-05-04,1619.4
2017-05-05,1607.2
2017-05-06,1545.1
2017-05-07,1597.0
2017-05-08,1619.8
2017-05-09,1703.5
2017-05-10,1759.8
2017-05-11,1796.9
2017-05-12,1853.9
2017-05-13,1735.0
2017-05-14,1820.6
2017-05-15,1826.8
2017-05-16,1772.0
2017-05-17,1786.2
2017-05-18,1870.0
2017-05-19,1941.5
2017-05-20,1966.5
2017-05-21,2059.3
2017-05-22,2026.5
2017-05-23,2087.5
2017-05-24,2250.0
2017-05-25,2392.6
2017-05-26,2268.1
2017-05-27,2125.9
2017-05-28,1980.0
2017-05-29,2056.9
2017-05-30,2207.4
2017-05-31,2147.3
2017-06-01,2191.8
2017-06-02,2312.0
2017-06-03,2405.9
2017-06-04,2461.6
2017-06-05,2488.2
2017-06-06,2636.9
2017-06-07,2844.6
2017-06-08,2642.0
2017-06-09,2781.5
2017-06-10,2809.9
2017-06-11,2806.0
2017-06-12,2941.8
2017-06-13,2570.0
2017-06-14,2677.1
2017-06-15,2394.3
2017-06-16,2377.5
2017-06-17,2435.5
2017-06-18,2610.1
2017-06-19,2494.9
2017-06-20,2585.0
2017-06-21,2715.3
2017-06-22,2624.4
2017-06-23,2672.8
2017-06-24,2674.9
2017-06-25,2502.6
2017-06-26,2480.0
2017-06-27,2393.5
2017-06-28,2521.3
2017-06-29,2518.2
2017-06-30,2472.4
2017-07-01,2420.6
2017-07-02,2346.2
2017-07-03,2445.1
2017-07-04,2525.9
2017-07-05,2579.9
2017-07-06,2598.6
2017-07-07,2593.2
2017-07-08,2479.3
2017-07-09,2542.0
2017-07-10,2477.9
2017-07-11,2318.3
2017-07-12,2285.6
2017-07-13,2375.6
2017-07-14,2329.4
2017-07-15,2206.5
2017-07-16,1979.7
2017-07-17,1925.0
2017-07-18,2220.0
2017-07-19,2302.2
2017-07-20,2253.3
2017-07-21,2874.5
2017-07-22,2659.0
2017-07-23,2845.7
2017-07-24,2750.1
2017-07-25,2769.7
2017-07-26,2560.9
2017-07-27,2527.7
2017-07-28,2664.6
2017-07-29,2784.8
2017-07-30,2713.7
2017-07-31,2748.9
2017-08-01,2854.3
2017-08-02,2733.8
2017-08-03,2702.0
2017-08-04,2790.3
2017-08-05,2860.0
2017-08-06,3255.0
2017-08-07,3232.5
2017-08-08,3395.0
2017-08-09,3415.0
2017-08-10,3340.2
2017-08-11,3404.7
2017-08-12,3643.4
2017-08-13,3866.2
2017-08-14,4061.6
2017-08-15,4321.0
2017-08-16,4160.0
2017-08-17,4386.4
2017-08-18,4269.7
2017-08-19,4088.2
2017-08-20,4145.0
2017-08-21,4066.3
2017-08-22,3998.9
2017-08-23,4086.9
2017-08-24,4135.0
2017-08-25,4324.1
2017-08-26,4351.5
2017-08-27,4340.2
2017-08-28,4330.7
2017-08-29,4385.1
2017-08-30,4586.6
2017-08-31,4567.9
2017-09-01,4718.3
2017-09-02,4911.8
2017-09-03,4534.2
2017-09-04,4599.2
2017-09-05,4210.6
2017-09-06,4375.0
2017-09-07,4594.6
2017-09-08,4613.5
2017-09-09,4304.0
2017-09-10,4315.4
2017-09-11,4234.9
2017-09-12,4198.9
2017-09-13,4149.4
2017-09-14,3850.2
2017-09-15,3237.4
2017-09-16,3697.1
2017-09-17,3680.1
2017-09-18,3667.0
2017-09-19,4084.4
2017-09-20,3892.2
2017-09-21,3875.5
2017-09-22,3597.3
2017-09-23,3598.7
2017-09-24,3779.6
2017-09-25,3654.7
2017-09-26,3930.0
2017-09-27,3881.6
2017-09-28,4207.5
2017-09-29,4190.0
2017-09-30,4168.1
2017-10-01,4366.6
2017-10-02,4404.3
2017-10-03,4399.3
2017-10-04,4310.6
2017-10-05,4215.9
2017-10-06,4312.6
2017-10-07,4370.0
2017-10-08,4435.9
2017-10-09,4612.4
2017-10-10,4782.3
2017-10-11,4777.7
2017-10-12,4824.9
2017-10-13,5440.0
2017-10-14,5636.8
2017-10-15,5838.7
2017-10-16,5712.2
2017-10-17,5764.8
2017-10-18,5597.7
2017-10-19,5574.8
2017-10-20,5694.0
2017-10-21,5984.9
2017-10-22,6005.1
2017-10-23,5980.5
2017-10-24,5902.5
2017-10-25,5509.9
2017-10-26,5724.2
2017-10-27,5890.0
2017-10-28,5759.8
2017-10-29,5718.1
2017-10-30,6146.0
2017-10-31,6129.9
2017-11-01,6450.2
2017-11-02,6735.0
2017-11-03,7018.9
2017-11-04,7104.0
2017-11-05,7370.9
2017-11-06,7355.1
2017-11-07,6959.6
2017-11-08,7102.0
2017-11-09,7447.0
2017-11-10,7123.3
2017-11-11,6541.2
2017-11-12,6282.4
2017-11-13,5806.5
2017-11-14,6476.5
2017-11-15,6589.9
2017-11-16,7273.7
2017-11-17,7865.0
2017-11-18,7674.1
2017-11-19,7770.6
2017-11-20,8052.8
2017-11-21,8245.1
2017-11-22,8097.3
2017-11-23,8230.0
2017-11-24,7977.0
2017-11-25,8191.6
2017-11-26,8791.0
2017-11-27,9303.9
2017-11-28,9727.1
2017-11-29,9891.9
2017-11-30,9771.9
2017-12-01,9907.0
2017-12-02,10852.0
2017-12-03,10880.0
2017-12-04,11162.0
2017-12-05,11611.0
2017-12-06,11590.0
2017-12-07,13500.0
2017-12-08,16608.0
2017-12-09,15829.0
2017-12-10,14660.0
2017-12-11,14937.0
2017-12-12,16754.0
2017-12-13,17010.0
2017-12-14,16122.0
2017-12-15,16396.0
2017-12-16,17569.5
2017-12-17,19210.0
2017-12-18,18959.0
2017-12-19,18931.0
2017-12-20,17340.0
2017-12-21,16433.0
2017-12-22,15650.0
2017-12-23,13173.0
2017-12-24,14036.0
2017-12-25,13517.0
2017-12-26,13627.0
2017-12-27,15680.0
2017-12-28,15374.0
2017-12-29,14323.0
2017-12-30,14308.0
2017-12-31,12385.0
2018-01-01,13794.0
2018-01-02,13448.0
2018-01-03,14713.0
2018-01-04,15150.0
2018-01-05,15159.0
2018-01-06,16911.0
2018-01-07,17163.0
2018-01-08,16216.0
2018-01-09,14902.0
2018-01-10,14426.0
2018-01-11,14895.0
2018-01-12,13248.0
2018-01-13,13794.0
2018-01-14,14190.0
2018-01-15,13558.0
2018-01-16,13594.0
2018-01-17,11059.0
2018-01-18,11101.0
2018-01-19,11036.0
2018-01-20,11462.0
2018-01-21,12732.0
2018-01-22,11519.0
2018-01-23,10770.0
2018-01-24,10811.0
2018-01-25,11402.0
2018-01-26,11144.0
2018-01-27,11068.0
2018-01-28,11455.1
2018-01-29,11836.0
2018-01-30,11215.0
2018-01-31,10170.0
2018-02-01,10278.0
2018-02-02,9181.0
2018-02-03,8887.1
2018-02-04,9225.1
2018-02-05,8185.2
2018-02-06,6946.6
2018-02-07,7679.4
2018-02-08,7585.0
2018-02-09,8240.0
2018-02-10,8678.1
2018-02-11,8563.0
2018-02-12,8070.0
2018-02-13,8902.9
2018-02-14,8515.9
2018-02-15,9454.3
2018-02-16,9996.0
2018-02-17,10161.0
2018-02-18,11062.0
2018-02-19,10398.0
2018-02-20,11172.0
2018-02-21,11216.0
2018-02-22,10453.2
2018-02-23,9826.5
2018-02-24,10144.0
2018-02-25,9666.3
2018-02-26,9583.0
2018-02-27,10320.0
2018-02-28,10583.0
2018-03-01,10316.0
2018-03-02,10908.0
2018-03-03,11024.0
2018-03-04,11454.0
2018-03-05,11497.0
2018-03-06,11403.0
2018-03-07,10779.0
2018-03-08,9910.7
2018-03-09,9301.9
2018-03-10,9216.2
2018-03-11,8764.4
2018-03-12,9528.0
2018-03-13,9130.2
2018-03-14,9135.2
2018-03-15,8181.3
2018-03-16,8250.1
2018-03-17,8250.0
2018-03-18,7832.0
2018-03-19,8209.0
2018-03-20,8600.2
2018-03-21,8899.8
2018-03-22,8888.6
2018-03-23,8703.8
2018-03-24,8911.4
2018-03-25,8525.0
2018-03-26,8445.0
2018-03-27,8128.0
2018-03-28,7784.5
2018-03-29,7936.0
2018-03-30,7091.5
2018-03-31,6838.1
2018-04-01,6925.4
2018-04-02,6813.1
2018-04-03,7073.8
2018-04-04,7403.3
2018-04-05,6785.8
2018-04-06,6767.2
2018-04-07,6610.0
2018-04-08,6892.6
2018-04-09,7024.0
2018-04-10,6770.9
2018-04-11,6839.3
2018-04-12,6944.0
2018-04-13,7915.2
2018-04-14,7885.8
2018-04-15,8003.0
2018-04-16,8354.8
2018-04-17,8056.1
2018-04-18,7888.8
2018-04-19,8166.4
2018-04-20,8272.8
2018-04-21,8865.4
2018-04-22,8917.6
2018-04-23,8791.4
2018-04-24,8940.2
2018-04-25,9643.0
2018-04-26,8850.1
2018-04-27,9269.7
2018-04-28,8911.0
2018-04-29,9340.3
2018-04-30,9400.0
2018-05-01,9240.7
2018-05-02,9069.1
2018-05-03,9237.9
2018-05-04,9759.0
2018-05-05,9702.9
2018-05-06,9859.6
2018-05-07,9659.0
2018-05-08,9356.4
2018-05-09,9180.7
2018-05-10,9320.0
2018-05-11,9015.2
2018-05-12,8419.5
2018-05-13,8467.0
2018-05-14,8683.8
2018-05-15,8668.5
2018-05-16,8467.0
2018-05-17,8349.7
2018-05-18,8054.8
2018-05-19,8238.9
2018-05-20,8230.9
2018-05-21,8523.7
2018-05-22,8399.6
2018-05-23,7978.0
2018-05-24,7503.3
2018-05-25,7576.0
2018-05-26,7456.7
2018-05-27,7330.8
2018-05-28,7339.6
2018-05-29,7104.0
2018-05-30,7465.3
2018-05-31,7375.1
2018-06-01,7485.9
2018-06-02,7521.1
2018-06-03,7639.0
2018-06-04,7718.0
2018-06-05,7487.9
2018-06-06,7621.9
2018-06-07,7653.9
2018-06-08,7685.7
2018-06-09,7615.2
2018-06-10,7498.1
2018-06-11,6757.3
2018-06-12,6873.2
2018-06-13,6543.1
2018-06-14,6295.1
2018-06-15,6638.0
2018-06-16,6386.2
2018-06-17,6491.0
2018-06-18,6443.5
2018-06-19,6711.6
2018-06-20,6732.7
2018-06-21,6760.0
2018-06-22,6715.2
2018-06-23,6041.0
2018-06-24,6151.9
2018-06-25,6146.1
2018-06-26,6250.8
2018-06-27,6073.5
2018-06-28,6133.1
2018-06-29,5848.1
2018-06-30,6208.2
2018-07-01,6391.5
2018-07-02,6617.6
2018-07-03,6617.6
2018-07-04,6509.0
2018-07-05,6589.9
2018-07-06,6531.6
2018-07-07,6602.2
2018-07-08,6761.8
2018-07-09,6705.9
2018-07-10,6666.9
2018-07-11,6299.0
2018-07-12,6377.7
2018-07-13,6240.6
2018-07-14,6219.7
2018-07-15,6250.0
2018-07-16,6347.7
2018-07-17,6734.3
2018-07-18,7320.0
2018-07-19,7379.8
2018-07-20,7473.6
2018-07-21,7333.0
2018-07-22,7403.4
2018-07-23,7397.7
2018-07-24,7719.8
2018-07-25,8380.0
2018-07-26,8178.4
2018-07-27,7933.5
2018-07-28,8188.0
2018-07-29,8235.7
2018-07-30,8218.5
2018-07-31,8179.5
2018-08-01,7731.3
2018-08-02,7606.0
2018-08-03,7533.2
2018-08-04,7420.0
2018-08-05,7013.2
2018-08-06,7025.8
2018-08-07,6940.1
2018-08-08,6718.8
2018-08-09,6280.7
2018-08-10,6533.6
2018-08-11,6147.0
2018-08-12,6234.7
2018-08-13,6312.2
2018-08-14,6241.3
2018-08-15,6188.6
2018-08-16,6270.2
2018-08-17,6312.0
2018-08-18,6585.9
2018-08-19,6395.0
2018-08-20,6485.1
2018-08-21,6255.2
2018-08-22,6479.1
2018-08-23,6363.8
2018-08-24,6530.5
2018-08-25,6693.3
2018-08-26,6732.8
2018-08-27,6707.0
2018-08-28,6910.5
2018-08-29,7079.9
2018-08-30,7037.9
2018-08-31,6986.1
2018-09-01,7022.9
2018-09-02,7197.5
2018-09-03,7304.7
2018-09-04,7267.8
2018-09-05,7357.3
2018-09-06,6705.0
2018-09-07,6516.1
2018-09-08,6404.2
2018-09-09,6184.9
2018-09-10,6240.0
2018-09-11,6332.1
2018-09-12,6290.9
2018-09-13,6334.0
2018-09-14,6495.0
2018-09-15,6480.1
2018-09-16,6512.8
2018-09-17,6506.1
2018-09-18,6243.0
2018-09-19,6330.8
2018-09-20,6392.8
2018-09-21,6522.1
2018-09-22,6789.8
2018-09-23,6723.1
2018-09-24,6697.8
2018-09-25,6585.1
2018-09-26,6442.8
2018-09-27,6462.4
2018-09-28,6691.2
2018-09-29,6627.3
2018-09-30,6590.0
2018-10-01,6625.9
2018-10-02,6602.0
2018-10-03,6527.5
2018-10-04,6507.9
2018-10-05,6594.3
2018-10-06,6639.9
2018-10-07,6595.2
2018-10-08,6617.0
2018-10-09,6679.7
2018-10-10,6659.7
2018-10-11,6628.0
2018-10-12,6249.0
2018-10-13,6288.6
2018-10-14,6326.0
2018-10-15,6322.7
2018-10-16,6739.0
2018-10-17,6754.2
2018-10-18,6736.4
2018-10-19,6609.6
2018-10-20,6517.0
2018-10-21,6582.9
2018-10-22,6587.4
2018-10-23,6567.2
2018-10-24,6550.0
2018-10-25,6554.0
2018-10-26,6533.4
2018-10-27,6534.9
2018-10-28,6498.4
2018-10-29,6490.2
2018-10-30,6347.1
2018-10-31,6330.1
2018-11-01,6374.8
2018-11-02,6407.1
2018-11-03,6432.2
2018-11-04,6389.2
2018-11-05,6495.2
2018-11-06,6475.0
2018-11-07,6519.0
2018-11-08,6573.0
2018-11-09,6479.5
2018-11-10,6414.5
2018-11-11,6431.0
2018-11-12,6481.0
2018-11-13,6447.0
2018-11-14,6458.9
2018-11-15,5922.3
2018-11-16,5731.9
2018-11-17,5655.7
2018-11-18,5637.2
2018-11-19,5650.3
2018-11-20,4944.9
2018-11-21,4572.8
2018-11-22,4672.1
2018-11-23,4370.8
2018-11-24,4422.8
2018-11-25,3934.9
2018-11-26,4111.3
2018-11-27,3850.1
2018-11-28,3902.3
2018-11-29,4331.4
2018-11-30,4323.3
2018-12-01,4043.6
2018-12-02,4241.4
2018-12-03,4172.9
2018-12-04,3903.8
2018-12-05,3982.2
2018-12-06,3770.5
2018-12-07,3528.6
2018-12-08,3460.0
2018-12-09,3506.0
2018-12-10,3642.1
2018-12-11,3523.5
2018-12-12,3435.3
2018-12-13,3535.6
2018-12-14,3354.4
2018-12-15,3281.6
2018-12-16,3282.2
2018-12-17,3299.9
2018-12-18,3625.0
2018-12-19,3780.1
2018-12-20,3810.0
2018-12-21,4214.6
2018-12-22,3975.9
2018-12-23,4135.0
2018-12-24,4071.7
2018-12-25,4140.7
2018-12-26,3909.7
2018-12-27,3930.0
2018-12-28,3712.0
2018-12-29,4033.9
2018-12-30,3893.8
2018-12-31,3976.7
2019-01-01,3832.6
2019-01-02,3963.1
2019-01-03,4049.9
2019-01-04,3923.2
2019-01-05,3954.8
2019-01-06,3911.0
2019-01-07,4170.9
2019-01-08,4113.9
2019-01-09,4100.0
2019-01-10,4083.3
2019-01-11,3712.8
2019-01-12,3712.8
2019-01-13,3702.0
2019-01-14,3591.0
2019-01-15,3749.3
2019-01-16,3657.0
2019-01-17,3671.3
2019-01-18,3722.5
2019-01-19,3674.1
2019-01-20,3762.3
2019-01-21,3588.6
2019-01-22,3579.4
2019-01-23,3639.0
2019-01-24,3621.7
2019-01-25,3653.0
2019-01-26,3629.0
2019-01-27,3630.7
2019-01-28,3597.1
2019-01-29,3501.1
2019-01-30,3478.0
2019-01-31,3529.7
2019-02-01,3502.7
2019-02-02,3534.8
2019-02-03,3564.5
2019-02-04,3504.2
2019-02-05,3490.4
2019-02-06,3512.6
2019-02-07,3451.9
2019-02-08,3439.0
2019-02-09,3724.1
2019-02-10,3718.3
2019-02-11,3749.7
2019-02-12,3681.0
2019-02-13,3694.1
2019-02-14,3665.5
2019-02-15,3656.7
2019-02-16,3670.1
2019-02-17,3676.5
2019-02-18,3734.5
2019-02-19,3978.4
2019-02-20,3989.9
2019-02-21,4053.7
2019-02-22,4008.8
2019-02-23,4058.2
2019-02-24,4212.2
2019-02-25,3825.0
2019-02-26,3919.3
2019-02-27,3896.8
2019-02-28,3900.1
2019-03-01,3894.0
2019-03-02,3915.0
2019-03-03,3913.0
2019-03-04,3884.8
2019-03-05,3800.0
2019-03-06,3951.6
2019-03-07,3951.5
2019-03-08,3964.7
2019-03-09,3940.5
2019-03-10,4017.3
2019-03-11,4000.0
2019-03-12,3950.7
2019-03-13,3954.9
2019-03-14,3946.2
2019-03-15,3948.3
2019-03-16,4003.1
2019-03-17,4088.0
2019-03-18,4069.0
2019-03-19,4073.7
2019-03-20,4104.6
2019-03-21,4127.2
2019-03-22,4044.8
2019-03-23,4045.2
2019-03-24,4063.0
2019-03-25,4041.4
2019-03-26,3970.0
2019-03-27,3992.7
2019-03-28,4102.7
2019-03-29,4092.6
2019-03-30,4179.1
2019-03-31,4165.1
2019-04-01,4167.5
2019-04-02,4196.9
2019-04-03,4929.3
2019-04-04,4976.9
2019-04-05,4939.3
2019-04-06,5080.4
2019-04-07,5091.1
2019-04-08,5238.9
2019-04-09,5312.4
2019-04-10,5213.0
2019-04-11,5315.5
2019-04-12,5059.0
2019-04-13,5114.1
2019-04-14,5103.7
2019-04-15,5190.1
2019-04-16,5042.8
2019-04-17,5234.3
2019-04-18,5254.5
2019-04-19,5310.8
2019-04-20,5314.1
2019-04-21,5340.1
2019-04-22,5320.3
2019-04-23,5417.8
2019-04-24,5547.1
2019-04-25,5479.6
2019-04-26,5215.6
2019-04-27,5410.9
2019-04-28,5400.6
2019-04-29,5486.8
2019-04-30,5480.0
2019-05-01,5599.6
2019-05-02,5629.5
2019-05-03,5729.6
2019-05-04,6019.9
2019-05-05,6098.2
2019-05-06,6042.0
2019-05-07,6027.9
2019-05-08,6096.6
2019-05-09,6201.9
2019-05-10,6262.0
2019-05-11,6438.7
2019-05-12,7125.1
2019-05-13,6980.1
2019-05-14,7753.2
2019-05-15,7951.9
2019-05-16,8135.5
2019-05-17,7857.5
2019-05-18,7418.3
2019-05-19,7260.1
2019-05-20,8188.3
2019-05-21,7990.5
2019-05-22,7933.6
2019-05-23,7619.9
2019-05-24,7872.1
2019-05-25,7990.0
2019-05-26,8054.9
2019-05-27,8730.0
2019-05-28,8806.1
2019-05-29,8738.1
2019-05-30,8681.2
2019-05-31,8268.5
2019-06-01,8531.9
2019-06-02,8546.9
2019-06-03,8740.1
2019-06-04,8088.0
2019-06-05,7692.8
2019-06-06,7766.3
2019-06-07,7816.9
2019-06-08,8002.1
2019-06-09,7924.0
2019-06-10,7622.5
2019-06-11,8018.8
2019-06-12,7903.1
2019-06-13,8177.6
2019-06-14,8230.0
2019-06-15,8689.0
2019-06-16,8852.8
2019-06-17,8986.0
2019-06-18,9351.0
2019-06-19,9094.9
2019-06-20,9306.0
2019-06-21,9557.8
2019-06-22,10227.0
2019-06-23,10745.0
2019-06-24,10913.0
2019-06-25,11070.0
2019-06-26,11746.0
2019-06-27,12876.0
2019-06-28,11183.0
2019-06-29,12350.7
2019-06-30,11973.0
2019-07-01,10777.0
2019-07-02,10639.8
2019-07-03,10903.0
2019-07-04,12000.0
2019-07-05,11141.0
2019-07-06,10983.0
2019-07-07,11276.0
2019-07-08,11484.0
2019-07-09,12301.5
2019-07-10,12564.0
2019-07-11,12092.0
2019-07-12,11327.0
2019-07-13,11779.0
2019-07-14,11324.0
2019-07-15,10193.0
2019-07-16,10813.0
2019-07-17,9418.4
2019-07-18,9691.2
2019-07-19,10624.0
2019-07-20,10517.6
2019-07-21,10741.0
2019-07-22,10572.0
2019-07-23,10330.0
2019-07-24,9859.0
2019-07-25,9772.0
2019-07-26,9888.0
2019-07-27,9840.3
2019-07-28,9463.1
2019-07-29,9530.0
2019-07-30,9503.5
2019-07-31,9588.9
2019-08-01,10096.0
2019-08-02,10400.0
2019-08-03,10520.0
2019-08-04,10822.0
2019-08-05,10974.0
2019-08-06,11824.0
2019-08-07,11472.0
2019-08-08,11999.0
2019-08-09,12051.0
2019-08-10,11892.0
2019-08-11,11308.0
2019-08-12,11577.0
2019-08-13,11411.0
2019-08-14,10904.0
2019-08-15,10067.0
2019-08-16,10324.0
2019-08-17,10372.0
2019-08-18,10230.0
2019-08-19,10329.0
2019-08-20,10947.0
2019-08-21,10795.0
2019-08-22,10147.0
2019-08-23,10117.0
2019-08-24,10414.0
2019-08-25,10162.0
2019-08-26,10144.0
2019-08-27,10376.2
2019-08-28,10190.0
2019-08-29,9727.3
2019-08-30,9509.4
2019-08-31,9600.7
2019-09-01,9623.9
2019-09-02,9783.0
2019-09-03,10401.0
2019-09-04,10642.0
2019-09-05,10593.0
2019-09-06,10582.9
2019-09-07,10305.0
2019-09-08,10489.0
2019-09-09,10417.0
2019-09-10,10317.0
2019-09-11,10121.0
2019-09-12,10174.2
2019-09-13,10452.0
2019-09-14,10374.0
2019-09-15,10381.0
2019-09-16,10321.0
2019-09-17,10290.0
2019-09-18,10214.1
2019-09-19,10185.0
2019-09-20,10303.0
2019-09-21,10197.0
2019-09-22,10012.0
2019-09-23,10055.0
2019-09-24,9702.6
2019-09-25,8535.0
2019-09-26,8475.3
2019-09-27,8105.9
2019-09-28,8215.3
2019-09-29,8238.2
2019-09-30,8090.1
2019-10-01,8331.1
2019-10-02,8333.7
2019-10-03,8414.9
2019-10-04,8260.5
2019-10-05,8170.1
2019-10-06,8162.5
2019-10-07,7886.2
2019-10-08,8234.6
2019-10-09,8205.0
2019-10-10,8610.4
2019-10-11,8596.0
2019-10-12,8278.2
2019-10-13,8319.6
2019-10-14,8304.9
2019-10-15,8370.0
2019-10-16,8191.0
2019-10-17,8016.1
2019-10-18,8092.4
2019-10-19,7987.3
2019-10-20,7993.0
2019-10-21,8260.7
2019-10-22,8242.2
2019-10-23,8053.7
2019-10-24,7493.6
2019-10-25,7453.0
2019-10-26,8679.3
2019-10-27,9270.9
2019-10-28,9574.1
2019-10-29,9229.2
2019-10-30,9445.5
2019-10-31,9184.4
2019-11-01,9185.6
2019-11-02,9288.4
2019-11-03,9332.2
2019-11-04,9223.0
2019-11-05,9440.0
2019-11-06,9334.0
2019-11-07,9355.0
2019-11-08,9209.2
2019-11-09,8782.3
2019-11-10,8827.1
2019-11-11,9069.7
2019-11-12,8737.7
2019-11-13,8830.0
2019-11-14,8800.9
2019-11-15,8655.5
2019-11-16,8494.8
2019-11-17,8523.4
2019-11-18,8536.7
2019-11-19,8219.5
2019-11-20,8164.9
2019-11-21,8126.4
2019-11-22,7672.5
2019-11-23,7318.6
2019-11-24,7352.7
2019-11-25,6965.2
2019-11-26,7162.8
2019-11-27,7198.3
2019-11-28,7547.3
2019-11-29,7460.7
2019-11-30,7796.5
2019-12-01,7599.9
2019-12-02,7450.1
2019-12-03,7350.2
2019-12-04,7336.9
2019-12-05,7239.3
2019-12-06,7439.9
2019-12-07,7584.7
2019-12-08,7543.2
2019-12-09,7563.8
2019-12-10,7373.8
2019-12-11,7254.7
2019-12-12,7231.2
2019-12-13,7224.1
2019-12-14,7283.1
2019-12-15,7100.8
2019-12-16,7152.7
2019-12-17,6926.6
2019-12-18,6667.1
2019-12-19,7326.9
2019-12-20,7181.8
2019-12-21,7213.0
2019-12-22,7166.3
2019-12-23,7538.9
2019-12-24,7346.2
2019-12-25,7270.0
2019-12-26,7220.1
2019-12-27,7235.3
2019-12-28,7293.6
2019-12-29,7333.2
2019-12-30,7413.0
2019-12-31,7261.0
2020-01-01,7208.2
2020-01-02,7212.7
2020-01-03,6989.4
2020-01-04,7371.8
2020-01-05,7370.3
2020-01-06,7364.7
2020-01-07,7759.5
2020-01-08,8158.2
2020-01-09,8036.8
2020-01-10,7817.4
2020-01-11,8184.3
2020-01-12,8013.6
2020-01-13,8174.9
2020-01-14,8104.1
2020-01-15,8760.8
2020-01-16,8810.9
2020-01-17,8719.5
2020-01-18,8873.1
2020-01-19,8891.6
2020-01-20,8698.6
2020-01-21,8638.2
2020-01-22,8734.2
2020-01-23,8668.9
2020-01-24,8403.6
2020-01-25,8447.1
2020-01-26,8351.1
2020-01-27,8622.0
2020-01-28,8912.1
2020-01-29,9390.9
2020-01-30,9305.1
2020-01-31,9512.7
2020-02-01,9371.3
2020-02-02,9408.0
2020-02-03,9353.1
2020-02-04,9309.2
2020-02-05,9197.5
2020-02-06,9612.0
2020-02-07,9745.0
2020-02-08,9805.2
2020-02-09,9877.3
2020-02-10,10151.5
2020-02-11,9851.2
2020-02-12,10249.0
2020-02-13,10338.0
2020-02-14,10222.0
2020-02-15,10335.0
2020-02-16,9901.0
2020-02-17,9929.7
2020-02-18,9708.0
2020-02-19,10184.0
2020-02-20,9586.2
2020-02-21,9609.2
2020-02-22,9693.0
2020-02-23,9663.0
2020-02-24,9983.8
2020-02-25,9674.0
2020-02-26,9324.8
2020-02-27,8813.2
2020-02-28,8826.1
2020-02-29,8730.6
2020-03-01,8561.5
2020-03-02,8556.8
2020-03-03,8938.5
2020-03-04,8791.1
2020-03-05,8795.3
2020-03-06,9085.6
2020-03-07,9180.6
2020-03-08,8917.2
2020-03-09,8073.8
2020-03-10,7965.5
2020-03-11,7917.9
2020-03-12,7975.3
2020-03-13,4873.1
2020-03-14,5621.8
2020-03-15,5217.1
2020-03-16,5381.9
2020-03-17,5068.3
2020-03-18,5339.0
2020-03-19,5417.1
2020-03-20,6173.5
2020-03-21,6211.1
2020-03-22,6202.7
2020-03-23,5820.1
2020-03-24,6491.2
2020-03-25,6762.0
2020-03-26,6688.2
2020-03-27,6755.0
2020-03-28,6366.0
2020-03-29,6252.3
2020-03-30,5893.7
2020-03-31,6409.1
2020-04-01,6429.0
2020-04-02,6685.7
2020-04-03,6810.7
2020-04-04,6738.5
2020-04-05,6880.6
2020-04-06,6780.2
2020-04-07,7340.2
2020-04-08,7203.0
2020-04-09,7367.1
2020-04-10,7293.7
2020-04-11,6874.3
2020-04-12,6884.5
2020-04-13,6916.5
2020-04-14,6847.9
2020-04-15,6874.0
2020-04-16,6629.1
2020-04-17,7114.7
2020-04-18,7045.9
2020-04-19,7268.8
2020-04-20,7133.4
2020-04-21,6835.0
2020-04-22,6849.9
2020-04-23,7133.3
2020-04-24,7499.0
2020-04-25,7508.4
2020-04-26,7538.5
2020-04-27,7698.0
2020-04-28,7777.6
2020-04-29,7750.7
2020-04-30,8773.8
2020-05-01,8630.8
2020-05-02,8822.9
2020-05-03,8982.3
2020-05-04,8901.6
2020-05-05,8871.2
2020-05-06,9020.0
2020-05-07,9150.4
2020-05-08,9991.0
2020-05-09,9792.2
2020-05-10,9537.7
2020-05-11,8726.0
2020-05-12,8555.0
2020-05-13,8811.4
2020-05-14,9312.0
2020-05-15,9791.0
2020-05-16,9313.3
2020-05-17,9388.0
2020-05-18,9668.2
2020-05-19,9714.8
2020-05-20,9770.1
2020-05-21,9502.0
2020-05-22,9059.5
2020-05-23,9162.4
2020-05-24,9174.6
2020-05-25,8711.5
2020-05-26,8902.0
2020-05-27,8845.5
2020-05-28,9210.3
2020-05-29,9589.3
2020-05-30,9426.2
2020-05-31,9706.4
2020-06-01,9452.1
2020-06-02,10221.0
2020-06-03,9530.0
2020-06-04,9672.0
2020-06-05,9790.7
2020-06-06,9620.4
2020-06-07,9668.4
2020-06-08,9747.1
2020-06-09,9784.4
2020-06-10,9771.9
2020-06-11,9898.8
2020-06-12,9272.2
2020-06-13,9468.3
2020-06-14,9480.9
2020-06-15,9344.8
2020-06-16,9435.0
2020-06-17,9534.4
2020-06-18,9473.3
2020-06-19,9400.0
2020-06-20,9315.5
2020-06-21,9371.3
2020-06-22,9298.1
2020-06-23,9697.7
2020-06-24,9635.1
2020-06-25,9312.1
2020-06-26,9257.0
2020-06-27,9173.1
2020-06-28,9015.3
2020-06-29,9127.8
2020-06-30,9194.4
2020-07-01,9150.6
2020-07-02,9239.9
2020-07-03,9100.0
2020-07-04,9073.9
2020-07-05,9147.7
2020-07-06,9089.7
2020-07-07,9361.0
2020-07-08,9267.5
2020-07-09,9447.0
2020-07-10,9248.9
2020-07-11,9305.7
2020-07-12,9246.3
2020-07-13,9315.8
2020-07-14,9252.0
2020-07-15,9263.4
2020-07-16,9210.1
2020-07-17,9149.9
2020-07-18,9167.3
2020-07-19,9189.1
2020-07-20,9231.2
2020-07-21,9179.2
2020-07-22,9402.0
2020-07-23,9557.7
2020-07-24,9615.0
2020-07-25,9559.1
2020-07-26,9714.9
2020-07-27,9946.3
2020-07-28,11044.0
2020-07-29,10932.0
2020-07-30,11117.0
2020-07-31,11123.0
2020-08-01,11350.0
2020-08-02,11804.7
2020-08-03,11053.8
2020-08-04,11226.5
2020-08-05,11184.0
2020-08-06,11735.8
2020-08-07,11759.0
2020-08-08,11580.0
2020-08-09,11764.0
2020-08-10,11675.7
2020-08-11,11892.0
2020-08-12,11379.8
2020-08-13,11589.0
2020-08-14,11792.5
2020-08-15,11761.0
2020-08-16,11873.4
2020-08-17,11925.0
2020-08-18,12300.0
2020-08-19,11961.8
2020-08-20,11778.0
2020-08-21,11884.0
2020-08-22,11531.0
2020-08-23,11685.0
2020-08-24,11663.0
2020-08-25,11768.0
2020-08-26,11341.0
2020-08-27,11471.1
2020-08-28,11343.0
2020-08-29,11545.0
2020-08-30,11492.0
2020-08-31,11729.9
2020-09-01,11671.0
2020-09-02,11942.0
2020-09-03,11408.0
2020-09-04,10170.0
2020-09-05,10484.7
2020-09-06,10196.9
2020-09-07,10276.0
2020-09-08,10397.0
2020-09-09,10149.8
2020-09-10,10240.0
2020-09-11,10355.0
2020-09-12,10405.0
2020-09-13,10458.0
2020-09-14,10331.0
2020-09-15,10690.0
2020-09-16,10797.0
2020-09-17,10971.3
2020-09-18,10959.0
2020-09-19,10957.2
2020-09-20,11099.0
2020-09-21,10934.5
2020-09-22,10435.0
2020-09-23,10549.0
2020-09-24,10263.0
2020-09-25,10754.0
2020-09-26,10708.0
2020-09-27,10750.0
2020-09-28,10803.0
2020-09-29,10712.0
2020-09-30,10856.0
2020-10-01,10795.0
2020-10-02,10634.0
2020-10-03,10586.0
2020-10-04,10558.6
2020-10-05,10687.0
2020-10-06,10807.0
2020-10-07,10613.7
2020-10-08,10687.0
2020-10-09,10943.0
2020-10-10,11071.0
2020-10-11,11308.0
2020-10-12,11385.0
2020-10-13,11560.0
2020-10-14,11442.0
2020-10-15,11440.0
2020-10-16,11509.0
2020-10-17,11325.0
2020-10-18,11375.0
2020-10-19,11518.0
2020-10-20,11757.0
2020-10-21,11925.0
2020-10-22,12810.9
2020-10-23,12988.0
2020-10-24,12935.0
2020-10-25,13127.0
2020-10-26,13037.0
2020-10-27,13061.0
2020-10-28,13626.3
2020-10-29,13272.0
2020-10-30,13451.0
2020-10-31,13568.0
2020-11-01,13788.0
2020-11-02,13756.0
2020-11-03,13562.0
2020-11-04,14025.0
2020-11-05,14160.0
2020-11-06,15568.0
2020-11-07,15571.7
2020-11-08,14844.1
2020-11-09,15501.0
2020-11-10,15329.0
2020-11-11,15312.0
2020-11-12,15710.0
2020-11-13,16296.2
2020-11-14,16310.0
2020-11-15,16057.0
2020-11-16,15962.2
2020-11-17,16710.0
2020-11-18,17674.9
2020-11-19,17773.0
2020-11-20,17810.0
2020-11-21,18669.0
2020-11-22,18660.0
2020-11-23,18399.0
2020-11-24,18373.0
2020-11-25,19134.8
2020-11-26,18727.0
2020-11-27,17211.7
2020-11-28,17169.3
2020-11-29,17746.0
2020-11-30,18196.0
2020-12-01,19695.0
2020-12-02,18807.0
2020-12-03,19241.0
2020-12-04,19452.0
2020-12-05,18657.0
2020-12-06,19157.0
2020-12-07,19410.0
2020-12-08,19196.0
2020-12-09,18337.0
2020-12-10,18560.0
2020-12-11,18260.0
2020-12-12,18050.0
2020-12-13,18818.0
2020-12-14,19180.0
2020-12-15,19282.0
2020-12-16,19459.0
2020-12-17,21322.0
2020-12-18,22806.6
2020-12-19,23127.0
2020-12-20,23804.0
2020-12-21,23432.7
2020-12-22,22701.0
2020-12-23,23805.0
2020-12-24,23234.0
2020-12-25,23743.0
2020-12-26,24717.0
2020-12-27,26410.0
2020-12-28,26241.0
2020-12-29,27058.0
2020-12-30,27316.0
2020-12-31,28880.0
2021-01-01,28933.0
2021-01-02,29346.0
2021-01-03,32183.0
2021-01-04,32971.0
2021-01-05,32020.0
2021-01-06,33986.0
2021-01-07,36755.0
2021-01-08,39407.0
2021-01-09,40509.0
2021-01-10,40171.0
2021-01-11,38226.0
2021-01-12,35448.0
2021-01-13,34106.0
2021-01-14,37374.0
2021-01-15,39145.0
2021-01-16,36741.0
2021-01-17,36061.0
2021-01-18,35913.0
2021-01-19,36699.0
2021-01-20,35915.0
2021-01-21,35522.0
2021-01-22,30852.0
2021-01-23,33062.0
2021-01-24,32099.0
2021-01-25,32298.0
2021-01-26,32268.1
2021-01-27,32519.0
2021-01-28,30454.0
2021-01-29,33350.0
2021-01-30,34268.0
2021-01-31,34334.0
2021-02-01,33141.0
2021-02-02,33559.0
2021-02-03,35563.0
2021-02-04,37677.0
2021-02-05,36975.0
2021-02-06,38260.0
2021-02-07,39257.0
2021-02-08,38841.0
2021-02-09,46440.0
2021-02-10,46486.0
2021-02-11,44835.0
2021-02-12,47966.0
2021-02-13,47389.0
2021-02-14,47177.0
2021-02-15,48587.0
2021-02-16,47941.0
2021-02-17,49225.0
2021-02-18,52060.0
2021-02-19,51566.0
2021-02-20,55847.0
2021-02-21,55838.0
2021-02-22,57376.0
2021-02-23,54078.0
2021-02-24,48888.0
2021-02-25,49715.0
2021-02-26,47144.0
2021-02-27,46319.0
2021-02-28,46217.0
2021-03-01,45300.0
2021-03-02,49572.0
2021-03-03,48526.0
2021-03-04,50425.0
2021-03-05,48368.0
2021-03-06,48811.0
2021-03-07,48895.0
2021-03-08,51031.2
2021-03-09,52395.0
2021-03-10,54950.0
2021-03-11,55939.0
2021-03-12,57869.0
2021-03-13,57315.0
2021-03-14,61207.0
2021-03-15,59005.0
2021-03-16,55644.0
2021-03-17,56924.0
2021-03-18,58870.0
2021-03-19,57640.0
2021-03-20,58074.0
2021-03-21,58087.0
2021-03-22,57368.0
2021-03-23,54074.0
2021-03-24,54331.0
2021-03-25,52347.2
2021-03-26,51363.0
2021-03-27,54992.9
2021-03-28,55886.0
2021-03-29,55773.0
2021-03-30,57672.3
2021-03-31,58841.0
2021-04-01,58796.0
2021-04-02,58727.4
2021-04-03,58959.0
2021-04-04,57023.0
2021-04-05,58240.0
2021-04-06,59145.0
2021-04-07,57991.0
2021-04-08,55960.0
2021-04-09,58110.0
2021-04-10,58114.0
2021-04-11,59823.8
2021-04-12,60034.8
2021-04-13,59900.0
2021-04-14,63518.0
2021-04-15,62907.0
2021-04-16,63196.0
2021-04-17,61325.0
2021-04-18,59970.0
2021-04-19,56173.0
2021-04-20,55639.0
2021-04-21,56476.0
2021-04-22,53822.0
2021-04-23,51781.3
2021-04-24,51139.0
2021-04-25,50167.0
2021-04-26,49129.0
2021-04-27,54103.0
2021-04-28,55044.0
2021-04-29,54860.0
2021-04-30,53566.0
2021-05-01,57634.7
2021-05-02,57774.0
2021-05-03,56605.0
2021-05-04,57147.0
2021-05-05,52960.0
2021-05-06,57487.0
2021-05-07,56451.0
2021-05-08,57349.0
2021-05-09,58894.0
2021-05-10,58276.0
2021-05-11,55851.0
2021-05-12,56715.0
2021-05-13,49725.0
2021-05-14,49747.0
2021-05-15,49917.0
2021-05-16,46784.9
2021-05-17,46569.0
2021-05-18,43544.0
2021-05-19,42935.0
2021-05-20,36755.0
2021-05-21,40550.1
2021-05-22,37415.0
2021-05-23,37585.0
2021-05-24,34730.3
2021-05-25,38772.9
2021-05-26,38363.0
2021-05-27,39301.0
2021-05-28,38484.7
2021-05-29,35667.0
2021-05-30,34570.0
2021-05-31,35615.0
2021-06-01,37305.0
2021-06-02,36672.6
2021-06-03,37590.0
2021-06-04,39209.0
2021-06-05,36844.0
2021-06-06,35543.0
2021-06-07,35782.0
2021-06-08,33596.0
2021-06-09,33415.0
2021-06-10,37347.0
2021-06-11,36649.2
2021-06-12,37338.0
2021-06-13,35531.0
2021-06-14,39004.0
2021-06-15,40509.0
2021-06-16,40139.0
2021-06-17,38332.0
2021-06-18,38061.0
2021-06-19,35802.0
2021-06-20,35585.8
2021-06-21,35631.0
2021-06-22,31761.0
2021-06-23,32553.0
2021-06-24,33703.0
2021-06-25,34656.6
2021-06-26,31584.7
2021-06-27,32359.0
2021-06-28,34717.0
2021-06-29,34484.0
2021-06-30,35895.9
2021-07-01,35043.5
2021-07-02,33554.4
2021-07-03,33816.0
2021-07-04,35494.0
2021-07-05,35289.0
2021-07-06,33668.0
2021-07-07,34256.0
2021-07-08,33886.0
2021-07-09,32873.9
2021-07-10,33769.0
2021-07-11,33506.0
2021-07-12,34239.0
2021-07-13,33090.0
2021-07-14,32727.0
2021-07-15,32822.6
2021-07-16,31875.0
2021-07-17,31427.0
2021-07-18,31559.0
2021-07-19,31824.0
2021-07-20,30847.0
2021-07-21,29806.1
2021-07-22,32141.0
2021-07-23,32320.0
2021-07-24,33597.1
2021-07-25,34620.0
2021-07-26,35422.0
2021-07-27,37296.0
2021-07-28,39563.0
2021-07-29,40004.0
2021-07-30,40034.4
2021-07-31,42169.0
2021-08-01,41409.0
2021-08-02,39922.0
2021-08-03,39156.0
2021-08-04,38219.0
2021-08-05,39741.0
2021-08-06,40887.0
2021-08-07,42830.0
2021-08-08,44589.0
2021-08-09,43770.0
2021-08-10,46291.0
2021-08-11,45612.0
2021-08-12,45546.0
2021-08-13,44423.0
2021-08-14,47842.0
2021-08-15,47084.0
2021-08-16,47031.0
2021-08-17,45940.0
2021-08-18,44698.0
2021-08-19,44744.0
2021-08-20,46765.0
2021-08-21,49332.0
2021-08-22,48868.0
2021-08-23,49264.0
2021-08-24,49539.0
2021-08-25,47714.0
2021-08-26,48989.0
2021-08-27,46832.0
2021-08-28,49076.1
2021-08-29,48914.0
2021-08-30,48800.0
2021-08-31,47008.0
2021-09-01,47157.0
2021-09-02,48844.0
2021-09-03,49291.0
2021-09-04,50000.0
2021-09-05,49899.0
2021-09-06,51762.0
2021-09-07,52676.0
2021-09-08,46778.0
2021-09-09,46088.0
2021-09-10,46389.0
2021-09-11,44852.0
2021-09-12,45169.0
2021-09-13,46069.0
2021-09-14,44960.0
2021-09-15,47078.0
2021-09-16,48136.0
2021-09-17,47786.0
2021-09-18,47296.0
2021-09-19,48309.0
2021-09-20,47239.0
2021-09-21,43002.0
2021-09-22,40632.5
2021-09-23,43582.6
2021-09-24,44882.0
2021-09-25,42854.0
2021-09-26,42711.0
2021-09-27,43220.5
2021-09-28,42191.0
2021-09-29,41064.0
2021-09-30,41551.0
2021-10-01,43830.0
2021-10-02,48151.0
2021-10-03,47675.0
2021-10-04,48243.0
2021-10-05,49232.0
2021-10-06,51508.0
2021-10-07,55331.0
2021-10-08,53793.0
2021-10-09,53925.0
2021-10-10,54978.0
2021-10-11,54701.0
2021-10-12,57468.0
2021-10-13,55967.0
2021-10-14,57381.0
2021-10-15,57354.0
2021-10-16,61680.0
2021-10-17,60867.5
2021-10-18,61504.0
2021-10-19,62034.0
2021-10-20,64263.0
2021-10-21,65988.0
2021-10-22,62200.0
2021-10-23,60708.0
2021-10-24,61302.0
2021-10-25,60847.0
2021-10-26,63100.0
2021-10-27,60289.0
2021-10-28,58453.0
2021-10-29,60598.0
2021-10-30,62235.0
2021-10-31,61838.8
2021-11-01,61330.0
2021-11-02,60927.0
2021-11-03,63249.0
2021-11-04,62904.0
2021-11-05,61422.8
2021-11-06,61016.4
2021-11-07,61495.0
2021-11-08,63259.1
2021-11-09,67526.0
2021-11-10,66935.0
2021-11-11,64954.0
2021-11-12,64801.0
2021-11-13,64137.0
2021-11-14,64406.0
2021-11-15,65471.0
2021-11-16,63562.0
2021-11-17,60124.0
2021-11-18,60386.1
2021-11-19,56932.0
2021-11-20,58130.0
2021-11-21,59739.0
2021-11-22,58790.0
2021-11-23,56299.0
2021-11-24,57602.0
2021-11-25,57209.0
2021-11-26,58995.0
